{
  "model/formatter.js": 1678020408945,
  "controller/BaseController.js": 1678020408933,
  "utils/locate-reuse-libs.js": 1678020408925,
  "model/models.js": 1678020408929,
  "i18n/i18n.properties": 1678028507991,
  "controller/Worklist.controller.js": 1678028939347,
  "controller/Object.controller.js": 1678020408941,
  "controller/NotFound.controller.js": 1678020408937,
  "controller/ErrorHandler.js": 1678020408937,
  "manifest.json": 1678037230372,
  "controller/App.controller.js": 1678020408933,
  "Component.js": 1678020408921,
  "Component-preload.js": 1678037230818,
  "controller/App-dbg.controller.js": 1678020408933,
  "model/models-dbg.js": 1678020408929,
  "model/formatter-dbg.js": 1678020408945,
  "controller/Worklist-dbg.controller.js": 1678028939347,
  "controller/Object-dbg.controller.js": 1678020408941,
  "controller/NotFound-dbg.controller.js": 1678020408937,
  "controller/ErrorHandler-dbg.js": 1678020408937,
  "controller/BaseController-dbg.js": 1678020408933,
  "utils/locate-reuse-libs-dbg.js": 1678020408925,
  "Component-dbg.js": 1678020408921,
  "view/Worklist.view.xml": 1678037207337,
  "view/ObjectNotFound.view.xml": 1678020408949,
  "view/Object.view.xml": 1678036919707,
  "view/NotFound.view.xml": 1678020408945,
  "view/App.view.xml": 1678027487476,
  "index.html": 1678020408921
}